Entity,Code,Year,Public social expenditure as a share of GDP
Australia,AUS,1880,0.0
Australia,AUS,1890,0.0
Australia,AUS,1900,0.0
Australia,AUS,1910,1.12
Australia,AUS,1920,1.66
Australia,AUS,1930,2.11
Australia,AUS,1960,5.916265
Australia,AUS,1961,6.3186784
Australia,AUS,1962,6.2705703
Australia,AUS,1963,6.1847687
Australia,AUS,1964,5.962785
Australia,AUS,1965,6.045809
Australia,AUS,1966,5.9078026
Australia,AUS,1967,5.6395383
Australia,AUS,1968,5.662996
Australia,AUS,1969,5.835353
Australia,AUS,1970,5.9003363
Australia,AUS,1971,6.196675
Australia,AUS,1972,6.6230793
Australia,AUS,1973,6.9961514
Australia,AUS,1974,8.378857
Australia,AUS,1975,10.1352005
Australia,AUS,1976,10.5726385
Australia,AUS,1977,10.896706
Australia,AUS,1978,10.613026
Australia,AUS,1979,10.272347
Australia,AUS,1980,10.244
Australia,AUS,1981,10.116
Australia,AUS,1982,11.09
Australia,AUS,1983,11.591
Australia,AUS,1984,11.97
Australia,AUS,1985,12.062
Australia,AUS,1986,11.897
Australia,AUS,1987,12.151
Australia,AUS,1988,11.446
Australia,AUS,1989,11.584
Australia,AUS,1990,13.118
Australia,AUS,1991,14.28
Australia,AUS,1992,15.257
Australia,AUS,1993,15.516
Australia,AUS,1994,15.242
Australia,AUS,1995,16.88
Australia,AUS,1996,16.998
Australia,AUS,1997,16.765
Australia,AUS,1998,17.588
Australia,AUS,1999,17.225
Australia,AUS,2000,18.21
Australia,AUS,2001,17.509
Australia,AUS,2002,17.314
Australia,AUS,2003,17.498
Australia,AUS,2004,17.197
Australia,AUS,2005,16.66
Australia,AUS,2006,15.699
Australia,AUS,2007,15.858
Australia,AUS,2008,17.05
Australia,AUS,2009,16.853
Australia,AUS,2010,16.553
Australia,AUS,2011,17.02
Australia,AUS,2012,17.308
Australia,AUS,2013,17.263
Australia,AUS,2014,17.804
Australia,AUS,2015,18.207
Australia,AUS,2016,17.476
Australia,AUS,2017,17.077
Australia,AUS,2018,16.638
Australia,AUS,2019,20.451
Austria,AUT,1880,0.0
Austria,AUT,1890,0.0
Austria,AUT,1900,0.0
Austria,AUT,1910,0.0
Austria,AUT,1920,0.0
Austria,AUT,1930,1.2
Austria,AUT,1960,14.955679
Austria,AUT,1961,14.963559
Austria,AUT,1962,15.862862
Austria,AUT,1963,16.255716
Austria,AUT,1964,16.21699
Austria,AUT,1965,16.42542
Austria,AUT,1966,16.66501
Austria,AUT,1967,17.466341
Austria,AUT,1968,17.004122
Austria,AUT,1969,17.841679
Austria,AUT,1970,17.797773
Austria,AUT,1971,17.941856
Austria,AUT,1972,17.79107
Austria,AUT,1973,17.637253
Austria,AUT,1974,18.095798
Austria,AUT,1975,19.742004
Austria,AUT,1976,20.443579
Austria,AUT,1977,20.444609
Austria,AUT,1978,22.073421
Austria,AUT,1979,22.020512
Austria,AUT,1980,21.906
Austria,AUT,1981,22.483408
Austria,AUT,1985,23.205
Austria,AUT,1990,23.263
Austria,AUT,1991,23.584
Austria,AUT,1992,24.276
Austria,AUT,1993,25.675
Austria,AUT,1994,26.614
Austria,AUT,1995,26.556
Austria,AUT,1996,26.678
Austria,AUT,1997,26.18
Austria,AUT,1998,25.98
Austria,AUT,1999,26.329
Austria,AUT,2000,26.043
Austria,AUT,2001,26.092
Austria,AUT,2002,26.396
Austria,AUT,2003,26.933
Austria,AUT,2004,26.719
Austria,AUT,2005,26.337
Austria,AUT,2006,26.063
Austria,AUT,2007,25.477
Austria,AUT,2008,25.947
Austria,AUT,2009,27.957
Austria,AUT,2010,28.052
Austria,AUT,2011,27.231
Austria,AUT,2012,27.611
Austria,AUT,2013,28.031
Austria,AUT,2014,28.255
Austria,AUT,2015,28.261
Austria,AUT,2016,28.197
Austria,AUT,2017,27.826
Austria,AUT,2018,27.561
Austria,AUT,2019,27.708
Austria,AUT,2020,31.108
Austria,AUT,2021,31.061
Austria,AUT,2022,29.356
Belgium,BEL,1880,0.17
Belgium,BEL,1890,0.22
Belgium,BEL,1900,0.26
Belgium,BEL,1910,0.43
Belgium,BEL,1920,0.52
Belgium,BEL,1930,0.56
Belgium,BEL,1960,10.073508
Belgium,BEL,1961,10.545173
Belgium,BEL,1962,11.049902
Belgium,BEL,1963,11.47631
Belgium,BEL,1964,11.489252
Belgium,BEL,1965,12.306952
Belgium,BEL,1966,13.053801
Belgium,BEL,1967,13.455044
Belgium,BEL,1968,14.482375
Belgium,BEL,1969,14.4946785
Belgium,BEL,1970,14.7617855
Belgium,BEL,1971,15.046238
Belgium,BEL,1972,15.949143
Belgium,BEL,1973,16.369476
Belgium,BEL,1974,16.981936
Belgium,BEL,1975,20.499475
Belgium,BEL,1976,21.494461
Belgium,BEL,1977,22.670286
Belgium,BEL,1978,22.939167
Belgium,BEL,1979,23.129791
Belgium,BEL,1980,23.202
Belgium,BEL,1981,24.752
Belgium,BEL,1982,25.35
Belgium,BEL,1983,25.634
Belgium,BEL,1984,24.852
Belgium,BEL,1985,25.689
Belgium,BEL,1986,25.518
Belgium,BEL,1987,25.289
Belgium,BEL,1988,25.107
Belgium,BEL,1989,24.262
Belgium,BEL,1990,24.57
Belgium,BEL,1991,25.335
Belgium,BEL,1992,24.346
Belgium,BEL,1993,25.4
Belgium,BEL,1994,24.801
Belgium,BEL,1995,25.304
Belgium,BEL,1996,25.935
Belgium,BEL,1997,24.929
Belgium,BEL,1998,24.929
Belgium,BEL,1999,24.73
Belgium,BEL,2000,23.655
Belgium,BEL,2001,24.123
Belgium,BEL,2002,24.504
Belgium,BEL,2003,25.061
Belgium,BEL,2004,24.826
Belgium,BEL,2005,24.685
Belgium,BEL,2006,24.595
Belgium,BEL,2007,24.339
Belgium,BEL,2008,25.745
Belgium,BEL,2009,27.979
Belgium,BEL,2010,27.666
Belgium,BEL,2011,28.101
Belgium,BEL,2012,27.962
Belgium,BEL,2013,28.34
Belgium,BEL,2014,28.394
Belgium,BEL,2015,29.055
Belgium,BEL,2016,28.426
Belgium,BEL,2017,28.275
Belgium,BEL,2018,28.355
Belgium,BEL,2019,28.218
Belgium,BEL,2020,32.28
Belgium,BEL,2021,29.705
Belgium,BEL,2022,28.965
Canada,CAN,1880,0.0
Canada,CAN,1890,0.0
Canada,CAN,1900,0.0
Canada,CAN,1910,0.0
Canada,CAN,1920,0.06
Canada,CAN,1930,0.31
Canada,CAN,1960,8.021343
Canada,CAN,1961,8.296839
Canada,CAN,1962,8.258081
Canada,CAN,1963,8.191873
Canada,CAN,1964,8.0992565
Canada,CAN,1965,7.8435144
Canada,CAN,1966,7.979699
Canada,CAN,1967,8.724612
Canada,CAN,1968,9.257986
Canada,CAN,1969,9.605425
Canada,CAN,1970,10.359873
Canada,CAN,1971,11.233394
Canada,CAN,1972,11.985065
Canada,CAN,1973,11.998975
Canada,CAN,1974,12.384915
Canada,CAN,1975,13.514089
Canada,CAN,1976,13.215704
Canada,CAN,1977,13.433996
Canada,CAN,1978,13.235043
Canada,CAN,1979,12.7479925
Canada,CAN,1980,13.148
Canada,CAN,1981,13.622
Canada,CAN,1982,15.918
Canada,CAN,1983,16.088
Canada,CAN,1984,15.789
Canada,CAN,1985,16.262
Canada,CAN,1986,16.202
Canada,CAN,1987,15.924
Canada,CAN,1988,15.726
Canada,CAN,1989,16.091
Canada,CAN,1990,17.391
Canada,CAN,1991,19.612
Canada,CAN,1992,20.261
Canada,CAN,1993,20.198
Canada,CAN,1994,19.111
Canada,CAN,1995,18.209
Canada,CAN,1996,17.405
Canada,CAN,1997,16.786
Canada,CAN,1998,16.87
Canada,CAN,1999,15.883
Canada,CAN,2000,15.592
Canada,CAN,2001,16.02
Canada,CAN,2002,16.029
Canada,CAN,2003,16.099
Canada,CAN,2004,16.098
Canada,CAN,2005,15.953
Canada,CAN,2006,16.346
Canada,CAN,2007,16.264
Canada,CAN,2008,16.352
Canada,CAN,2009,18.085
Canada,CAN,2010,17.6
Canada,CAN,2011,17.093
Canada,CAN,2012,17.222
Canada,CAN,2013,16.986
Canada,CAN,2014,16.913
Canada,CAN,2015,17.934
Canada,CAN,2016,18.296
Canada,CAN,2017,18.029
Canada,CAN,2018,18.004
Canada,CAN,2019,18.784
Canada,CAN,2020,24.911
Chile,CHL,1987,11.743
Chile,CHL,1988,10.444
Chile,CHL,1989,9.853
Chile,CHL,1990,9.726
Chile,CHL,1991,9.707
Chile,CHL,1992,9.272
Chile,CHL,1993,9.388
Chile,CHL,1994,9.129
Chile,CHL,1995,10.897
Chile,CHL,1996,11.784
Chile,CHL,1997,11.477
Chile,CHL,1998,11.845
Chile,CHL,1999,12.635
Chile,CHL,2000,10.346
Chile,CHL,2001,10.042
Chile,CHL,2002,10.075
Chile,CHL,2003,9.922
Chile,CHL,2004,9.302
Chile,CHL,2005,8.918
Chile,CHL,2006,8.308
Chile,CHL,2007,8.482
Chile,CHL,2008,9.619
Chile,CHL,2009,11.555
Chile,CHL,2010,10.643
Chile,CHL,2011,10.153
Chile,CHL,2012,10.208
Chile,CHL,2013,10.159
Chile,CHL,2014,10.43
Chile,CHL,2015,10.963
Chile,CHL,2016,11.19
Chile,CHL,2017,11.478
Chile,CHL,2018,11.454
Chile,CHL,2019,11.706
Chile,CHL,2020,15.061
Chile,CHL,2021,19.605
Colombia,COL,2010,12.992
Colombia,COL,2011,12.681
Colombia,COL,2012,12.625
Colombia,COL,2013,13.191
Colombia,COL,2014,14.111
Colombia,COL,2015,14.545
Colombia,COL,2016,14.147
Colombia,COL,2017,14.112
Colombia,COL,2018,13.688
Colombia,COL,2019,14.126
Colombia,COL,2020,17.02
Colombia,COL,2021,15.153
Costa Rica,CRI,2011,12.346
Costa Rica,CRI,2012,12.029
Costa Rica,CRI,2013,12.497
Costa Rica,CRI,2014,12.279
Costa Rica,CRI,2015,12.581
Costa Rica,CRI,2016,12.271
Costa Rica,CRI,2017,12.153
Costa Rica,CRI,2018,12.484
Costa Rica,CRI,2019,12.306
Costa Rica,CRI,2020,14.457
Czechia,CZE,1990,14.025
Czechia,CZE,1991,15.077
Czechia,CZE,1992,15.349
Czechia,CZE,1993,15.616
Czechia,CZE,1994,15.699
Czechia,CZE,1995,15.965
Czechia,CZE,1996,15.982
Czechia,CZE,1997,16.724
Czechia,CZE,1998,17.055
Czechia,CZE,1999,17.698
Czechia,CZE,2000,17.859
Czechia,CZE,2001,17.807
Czechia,CZE,2002,18.545
Czechia,CZE,2003,18.679
Czechia,CZE,2004,17.842
Czechia,CZE,2005,17.904
Czechia,CZE,2006,17.573
Czechia,CZE,2007,17.357
Czechia,CZE,2008,17.658
Czechia,CZE,2009,19.933
Czechia,CZE,2010,19.503
Czechia,CZE,2011,19.555
Czechia,CZE,2012,19.858
Czechia,CZE,2013,20.657
Czechia,CZE,2014,20.063
Czechia,CZE,2015,19.257
Czechia,CZE,2016,18.864
Czechia,CZE,2017,18.922
Czechia,CZE,2018,19.095
Czechia,CZE,2019,19.459
Czechia,CZE,2020,22.619
Czechia,CZE,2021,22.496
Czechia,CZE,2022,22.012
Denmark,DNK,1880,0.96
Denmark,DNK,1890,1.11
Denmark,DNK,1900,1.41
Denmark,DNK,1910,1.75
Denmark,DNK,1920,2.71
Denmark,DNK,1930,3.11
Denmark,DNK,1980,20.259
Denmark,DNK,1981,20.131
Denmark,DNK,1982,19.967
Denmark,DNK,1983,20.066
Denmark,DNK,1984,19.233
Denmark,DNK,1985,19.159
Denmark,DNK,1986,19.673
Denmark,DNK,1987,20.478
Denmark,DNK,1988,21.48
Denmark,DNK,1989,21.474
Denmark,DNK,1990,21.949
Denmark,DNK,1991,22.404
Denmark,DNK,1992,22.6
Denmark,DNK,1993,23.791
Denmark,DNK,1994,25.424
Denmark,DNK,1995,25.513
Denmark,DNK,1996,24.946
Denmark,DNK,1997,24.156
Denmark,DNK,1998,23.741
Denmark,DNK,1999,24.547
Denmark,DNK,2000,23.765
Denmark,DNK,2001,24.29
Denmark,DNK,2002,24.804
Denmark,DNK,2003,25.328
Denmark,DNK,2004,25.119
Denmark,DNK,2005,25.195
Denmark,DNK,2006,24.961
Denmark,DNK,2007,25.912
Denmark,DNK,2008,26.324
Denmark,DNK,2009,29.282
Denmark,DNK,2010,29.908
Denmark,DNK,2011,30.022
Denmark,DNK,2012,30.204
Denmark,DNK,2013,30.047
Denmark,DNK,2014,30.019
Denmark,DNK,2015,29.975
Denmark,DNK,2016,29.429
Denmark,DNK,2017,28.979
Denmark,DNK,2018,28.534
Denmark,DNK,2019,28.436
Denmark,DNK,2020,29.347
Denmark,DNK,2021,28.273
Denmark,DNK,2022,26.164
Estonia,EST,1999,15.204
Estonia,EST,2000,13.932
Estonia,EST,2001,13.067
Estonia,EST,2002,12.766
Estonia,EST,2003,12.892
Estonia,EST,2004,13.304
Estonia,EST,2005,12.832
Estonia,EST,2006,12.447
Estonia,EST,2007,12.365
Estonia,EST,2008,15.139
Estonia,EST,2009,19.423
Estonia,EST,2010,18.14
Estonia,EST,2011,16.182
Estonia,EST,2012,15.753
Estonia,EST,2013,15.676
Estonia,EST,2014,15.983
Estonia,EST,2015,17.279
Estonia,EST,2016,17.533
Estonia,EST,2017,17.028
Estonia,EST,2018,17.462
Estonia,EST,2019,17.907
Estonia,EST,2020,19.82
Estonia,EST,2021,18.437
Estonia,EST,2022,17.187
Finland,FIN,1880,0.66
Finland,FIN,1890,0.76
Finland,FIN,1900,0.78
Finland,FIN,1910,0.9
Finland,FIN,1920,0.85
Finland,FIN,1930,2.97
Finland,FIN,1960,8.150308
Finland,FIN,1961,8.414043
Finland,FIN,1962,8.901662
Finland,FIN,1963,9.06783
Finland,FIN,1964,9.497361
Finland,FIN,1965,10.286181
Finland,FIN,1966,11.171818
Finland,FIN,1967,11.918635
Finland,FIN,1968,12.598455
Finland,FIN,1969,12.385683
Finland,FIN,1970,12.542629
Finland,FIN,1971,13.355066
Finland,FIN,1972,14.008199
Finland,FIN,1973,13.6567545
Finland,FIN,1974,13.961877
Finland,FIN,1975,15.448667
Finland,FIN,1976,17.061356
Finland,FIN,1977,18.46386
Finland,FIN,1978,18.754545
Finland,FIN,1979,17.84176
Finland,FIN,1980,17.755
Finland,FIN,1981,17.894
Finland,FIN,1982,18.924
Finland,FIN,1983,19.832
Finland,FIN,1984,20.626
Finland,FIN,1985,21.678
Finland,FIN,1986,22.122
Finland,FIN,1987,22.756
Finland,FIN,1988,22.086
Finland,FIN,1989,21.815
Finland,FIN,1990,23.331
Finland,FIN,1991,28.248
Finland,FIN,1992,32.199
Finland,FIN,1993,32.279
Finland,FIN,1994,31.573
Finland,FIN,1995,28.904
Finland,FIN,1996,28.732
Finland,FIN,1997,26.608
Finland,FIN,1998,24.509
Finland,FIN,1999,23.844
Finland,FIN,2000,22.691
Finland,FIN,2001,22.512
Finland,FIN,2002,23.235
Finland,FIN,2003,23.885
Finland,FIN,2004,23.993
Finland,FIN,2005,23.961
Finland,FIN,2006,23.776
Finland,FIN,2007,22.869
Finland,FIN,2008,23.362
Finland,FIN,2009,26.949
Finland,FIN,2010,27.412
Finland,FIN,2011,27.071
Finland,FIN,2012,28.33
Finland,FIN,2013,29.438
Finland,FIN,2014,30.174
Finland,FIN,2015,30.528
Finland,FIN,2016,30.441
Finland,FIN,2017,29.574
Finland,FIN,2018,29.353
Finland,FIN,2019,29.419
Finland,FIN,2020,31.0
Finland,FIN,2021,30.342
Finland,FIN,2022,29.02
France,FRA,1880,0.46
France,FRA,1890,0.54
France,FRA,1900,0.57
France,FRA,1910,0.81
France,FRA,1920,0.64
France,FRA,1930,1.05
France,FRA,1975,16.389477
France,FRA,1976,18.005272
France,FRA,1977,18.504372
France,FRA,1978,19.360786
France,FRA,1979,19.630735
France,FRA,1980,20.137
France,FRA,1981,15.615
France,FRA,1982,16.112
France,FRA,1983,16.221
France,FRA,1984,16.378
France,FRA,1985,25.339
France,FRA,1986,19.188
France,FRA,1987,19.101
France,FRA,1988,18.897
France,FRA,1989,17.955
France,FRA,1990,24.397
France,FRA,1991,25.034
France,FRA,1992,25.772
France,FRA,1993,27.172
France,FRA,1994,27.212
France,FRA,1995,28.488
France,FRA,1996,28.777
France,FRA,1997,28.645
France,FRA,1998,28.855
France,FRA,1999,28.828
France,FRA,2000,27.716
France,FRA,2001,27.704
France,FRA,2002,28.423
France,FRA,2003,28.802
France,FRA,2004,28.876
France,FRA,2005,28.83
France,FRA,2006,28.393
France,FRA,2007,28.237
France,FRA,2008,28.484
France,FRA,2009,30.943
France,FRA,2010,30.983
France,FRA,2011,30.702
France,FRA,2012,31.177
France,FRA,2013,31.657
France,FRA,2014,31.968
France,FRA,2015,31.778
France,FRA,2016,31.918
France,FRA,2017,31.446
France,FRA,2018,30.989
France,FRA,2019,30.739
France,FRA,2020,34.876
France,FRA,2021,32.661
France,FRA,2022,31.633
Germany,DEU,1880,0.5
Germany,DEU,1890,0.53
Germany,DEU,1900,0.59
Germany,DEU,1930,4.82
Germany,DEU,1960,15.369004
Germany,DEU,1961,15.304998
Germany,DEU,1962,15.388236
Germany,DEU,1963,15.828846
Germany,DEU,1964,15.354482
Germany,DEU,1965,16.084034
Germany,DEU,1966,16.293688
Germany,DEU,1967,17.689854
Germany,DEU,1968,17.47867
Germany,DEU,1969,16.950384
Germany,DEU,1970,16.568996
Germany,DEU,1971,17.315866
Germany,DEU,1972,17.964119
Germany,DEU,1973,18.296705
Germany,DEU,1974,19.96038
Germany,DEU,1975,23.057457
Germany,DEU,1976,22.730425
Germany,DEU,1977,22.577394
Germany,DEU,1978,22.024511
Germany,DEU,1979,21.587797
Germany,DEU,1980,21.788
Germany,DEU,1981,22.446
Germany,DEU,1982,22.433
Germany,DEU,1983,22.14
Germany,DEU,1984,21.881
Germany,DEU,1985,22.228
Germany,DEU,1986,22.247
Germany,DEU,1987,22.715
Germany,DEU,1988,22.705
Germany,DEU,1989,21.643
Germany,DEU,1990,21.354
Germany,DEU,1991,22.307
Germany,DEU,1992,24.017
Germany,DEU,1993,24.722
Germany,DEU,1994,24.902
Germany,DEU,1995,25.252
Germany,DEU,1996,25.857
Germany,DEU,1997,25.446
Germany,DEU,1998,25.393
Germany,DEU,1999,25.524
Germany,DEU,2000,25.47
Germany,DEU,2001,25.487
Germany,DEU,2002,26.167
Germany,DEU,2003,26.628
Germany,DEU,2004,26.023
Germany,DEU,2005,26.383
Germany,DEU,2006,25.108
Germany,DEU,2007,24.21
Germany,DEU,2008,24.355
Germany,DEU,2009,26.808
Germany,DEU,2010,26.068
Germany,DEU,2011,24.763
Germany,DEU,2012,24.661
Germany,DEU,2013,24.848
Germany,DEU,2014,24.802
Germany,DEU,2015,25.07
Germany,DEU,2016,25.278
Germany,DEU,2017,25.237
Germany,DEU,2018,25.296
Germany,DEU,2019,25.59
Germany,DEU,2020,27.938
Germany,DEU,2021,27.639
Germany,DEU,2022,26.722
Greece,GRC,1960,6.0970225
Greece,GRC,1961,6.1592846
Greece,GRC,1962,6.2924604
Greece,GRC,1963,6.5847654
Greece,GRC,1964,6.822277
Greece,GRC,1965,7.2833085
Greece,GRC,1966,7.616706
Greece,GRC,1967,8.16228
Greece,GRC,1968,8.433564
Greece,GRC,1969,8.089455
Greece,GRC,1970,8.047091
Greece,GRC,1971,8.091215
Greece,GRC,1972,7.7362037
Greece,GRC,1973,7.009729
Greece,GRC,1974,7.452637
Greece,GRC,1975,7.713039
Greece,GRC,1976,8.067154
Greece,GRC,1977,8.864982
Greece,GRC,1978,9.495982
Greece,GRC,1979,9.302474
Greece,GRC,1980,9.856
Greece,GRC,1981,11.869
Greece,GRC,1982,13.94
Greece,GRC,1983,14.484
Greece,GRC,1984,14.793
Greece,GRC,1985,15.368
Greece,GRC,1986,15.213
Greece,GRC,1987,15.179
Greece,GRC,1988,13.932
Greece,GRC,1989,14.771
Greece,GRC,1990,15.721
Greece,GRC,1991,15.178
Greece,GRC,1992,15.389
Greece,GRC,1993,16.233
Greece,GRC,1994,16.259
Greece,GRC,1995,16.6
Greece,GRC,1996,17.011
Greece,GRC,1997,16.912
Greece,GRC,1998,17.461
Greece,GRC,1999,17.973
Greece,GRC,2000,17.768
Greece,GRC,2001,18.637
Greece,GRC,2002,18.359
Greece,GRC,2003,18.178
Greece,GRC,2004,18.309
Greece,GRC,2005,19.534
Greece,GRC,2006,19.379
Greece,GRC,2007,20.135
Greece,GRC,2008,21.571
Greece,GRC,2009,23.912
Greece,GRC,2010,25.017
Greece,GRC,2011,26.464
Greece,GRC,2012,27.426
Greece,GRC,2013,25.442
Greece,GRC,2014,25.493
Greece,GRC,2015,25.716
Greece,GRC,2016,26.041
Greece,GRC,2017,25.188
Greece,GRC,2018,25.025
Greece,GRC,2019,25.082
Greece,GRC,2020,27.86
Greece,GRC,2021,26.1
Greece,GRC,2022,24.115
Hungary,HUN,1999,20.854
Hungary,HUN,2000,20.092
Hungary,HUN,2001,19.771
Hungary,HUN,2002,20.8
Hungary,HUN,2003,21.79
Hungary,HUN,2004,21.05
Hungary,HUN,2005,21.815
Hungary,HUN,2006,22.112
Hungary,HUN,2007,22.374
Hungary,HUN,2008,22.622
Hungary,HUN,2009,23.185
Hungary,HUN,2010,22.805
Hungary,HUN,2011,22.163
Hungary,HUN,2012,22.478
Hungary,HUN,2013,22.169
Hungary,HUN,2014,21.322
Hungary,HUN,2015,20.349
Hungary,HUN,2016,20.17
Hungary,HUN,2017,19.434
Hungary,HUN,2018,18.616
Hungary,HUN,2019,17.636
Hungary,HUN,2020,18.546
Hungary,HUN,2021,18.091
Hungary,HUN,2022,17.194
Iceland,ISL,1990,13.291
Iceland,ISL,1991,13.743
Iceland,ISL,1992,14.275
Iceland,ISL,1993,14.602
Iceland,ISL,1994,14.452
Iceland,ISL,1995,14.758
Iceland,ISL,1996,14.552
Iceland,ISL,1997,14.108
Iceland,ISL,1998,14.17
Iceland,ISL,1999,14.423
Iceland,ISL,2000,14.462
Iceland,ISL,2001,14.482
Iceland,ISL,2002,15.808
Iceland,ISL,2003,16.732
Iceland,ISL,2004,16.492
Iceland,ISL,2005,15.618
Iceland,ISL,2006,14.977
Iceland,ISL,2007,15.825
Iceland,ISL,2008,16.15
Iceland,ISL,2009,18.491
Iceland,ISL,2010,17.732
Iceland,ISL,2011,18.146
Iceland,ISL,2012,17.794
Iceland,ISL,2013,17.325
Iceland,ISL,2014,17.512
Iceland,ISL,2015,16.648
Iceland,ISL,2016,16.491
Iceland,ISL,2017,17.496
Iceland,ISL,2018,17.779
Iceland,ISL,2019,18.691
Iceland,ISL,2020,23.013
Iceland,ISL,2021,22.312
Iceland,ISL,2022,20.778
Ireland,IRL,1930,3.74
Ireland,IRL,1960,7.102097
Ireland,IRL,1961,7.2091494
Ireland,IRL,1962,7.303251
Ireland,IRL,1963,7.6269927
Ireland,IRL,1964,7.5265546
Ireland,IRL,1965,7.8354607
Ireland,IRL,1966,8.494923
Ireland,IRL,1967,8.695133
Ireland,IRL,1968,8.480267
Ireland,IRL,1969,8.908888
Ireland,IRL,1970,9.708178
Ireland,IRL,1971,10.246468
Ireland,IRL,1972,10.114014
Ireland,IRL,1973,10.9998865
Ireland,IRL,1974,12.394348
Ireland,IRL,1975,13.926001
Ireland,IRL,1976,13.8120985
Ireland,IRL,1977,13.346849
Ireland,IRL,1978,13.392767
Ireland,IRL,1979,13.806341
Ireland,IRL,1980,15.674
Ireland,IRL,1981,15.784
Ireland,IRL,1982,16.575
Ireland,IRL,1983,16.695
Ireland,IRL,1984,16.161
Ireland,IRL,1985,20.392
Ireland,IRL,1986,20.541
Ireland,IRL,1987,19.816
Ireland,IRL,1988,18.601
Ireland,IRL,1989,17.14
Ireland,IRL,1990,16.858
Ireland,IRL,1991,17.762
Ireland,IRL,1992,18.526
Ireland,IRL,1993,18.497
Ireland,IRL,1994,18.099
Ireland,IRL,1995,17.563
Ireland,IRL,1996,16.591
Ireland,IRL,1997,15.508
Ireland,IRL,1998,14.542
Ireland,IRL,1999,13.682
Ireland,IRL,2000,13.136
Ireland,IRL,2001,13.948
Ireland,IRL,2002,14.858
Ireland,IRL,2003,15.422
Ireland,IRL,2004,15.741
Ireland,IRL,2005,15.834
Ireland,IRL,2006,15.841
Ireland,IRL,2007,16.746
Ireland,IRL,2008,19.955
Ireland,IRL,2009,23.853
Ireland,IRL,2010,24.134
Ireland,IRL,2011,23.294
Ireland,IRL,2012,23.048
Ireland,IRL,2013,21.812
Ireland,IRL,2014,20.092
Ireland,IRL,2015,15.196
Ireland,IRL,2016,15.13
Ireland,IRL,2017,14.181
Ireland,IRL,2018,13.519
Ireland,IRL,2019,12.868
Ireland,IRL,2020,15.694
Ireland,IRL,2021,14.178
Ireland,IRL,2022,12.779
Israel,ISR,1995,16.037
Israel,ISR,1996,16.519
Israel,ISR,1997,16.518
Israel,ISR,1998,16.309
Israel,ISR,1999,16.276
Israel,ISR,2000,16.045
Israel,ISR,2001,17.28
Israel,ISR,2002,17.167
Israel,ISR,2003,16.668
Israel,ISR,2004,15.657
Israel,ISR,2005,15.219
Israel,ISR,2006,14.824
Israel,ISR,2007,14.357
Israel,ISR,2008,14.591
Israel,ISR,2009,15.129
Israel,ISR,2010,15.257
Israel,ISR,2011,15.005
Israel,ISR,2012,15.23
Israel,ISR,2013,15.29
Israel,ISR,2014,15.292
Israel,ISR,2015,15.3
Israel,ISR,2016,15.303
Israel,ISR,2017,15.929
Israel,ISR,2018,15.962
Israel,ISR,2019,16.128
Israel,ISR,2020,20.061
Israel,ISR,2021,18.343
Italy,ITA,1880,0.0
Italy,ITA,1890,0.0
Italy,ITA,1900,0.0
Italy,ITA,1910,0.0
Italy,ITA,1920,0.0
Italy,ITA,1930,0.08
Italy,ITA,1960,10.681984
Italy,ITA,1961,10.464329
Italy,ITA,1962,11.285819
Italy,ITA,1963,11.626103
Italy,ITA,1964,11.695103
Italy,ITA,1965,13.183179
Italy,ITA,1966,13.315965
Italy,ITA,1967,13.211858
Italy,ITA,1968,13.508812
Italy,ITA,1969,13.867328
Italy,ITA,1970,13.833173
Italy,ITA,1971,14.793898
Italy,ITA,1972,15.837904
Italy,ITA,1973,15.593411
Italy,ITA,1974,15.767111
Italy,ITA,1975,17.156511
Italy,ITA,1976,17.199873
Italy,ITA,1977,16.585323
Italy,ITA,1978,17.950176
Italy,ITA,1979,17.30984
Italy,ITA,1980,17.322
Italy,ITA,1981,18.666
Italy,ITA,1982,19.129
Italy,ITA,1983,20.15
Italy,ITA,1984,19.725
Italy,ITA,1985,20.047
Italy,ITA,1986,20.046
Italy,ITA,1987,20.264
Italy,ITA,1988,20.123
Italy,ITA,1989,20.285
Italy,ITA,1990,20.635
Italy,ITA,1991,21.007
Italy,ITA,1992,21.733
Italy,ITA,1993,21.999
Italy,ITA,1994,21.981
Italy,ITA,1995,21.056
Italy,ITA,1996,21.466
Italy,ITA,1997,22.152
Italy,ITA,1998,22.297
Italy,ITA,1999,22.72
Italy,ITA,2000,22.609
Italy,ITA,2001,22.801
Italy,ITA,2002,23.23
Italy,ITA,2003,23.561
Italy,ITA,2004,23.821
Italy,ITA,2005,24.055
Italy,ITA,2006,24.176
Italy,ITA,2007,24.003
Italy,ITA,2008,24.934
Italy,ITA,2009,26.953
Italy,ITA,2010,26.938
Italy,ITA,2011,26.546
Italy,ITA,2012,27.264
Italy,ITA,2013,27.87
Italy,ITA,2014,28.123
Italy,ITA,2015,28.315
Italy,ITA,2016,27.928
Italy,ITA,2017,27.653
Italy,ITA,2018,27.516
Italy,ITA,2019,27.732
Italy,ITA,2020,32.628
Italy,ITA,2021,30.732
Italy,ITA,2022,30.059
Japan,JPN,1880,0.05
Japan,JPN,1890,0.11
Japan,JPN,1900,0.17
Japan,JPN,1910,0.18
Japan,JPN,1920,0.18
Japan,JPN,1930,0.21
Japan,JPN,1960,3.327155
Japan,JPN,1961,3.7628338
Japan,JPN,1962,4.0174747
Japan,JPN,1963,4.1905417
Japan,JPN,1964,4.2379403
Japan,JPN,1965,4.5267024
Japan,JPN,1966,4.5794
Japan,JPN,1967,4.6308193
Japan,JPN,1968,4.5706687
Japan,JPN,1969,4.4774094
Japan,JPN,1970,4.706678
Japan,JPN,1971,4.920253
Japan,JPN,1972,5.317922
Japan,JPN,1973,5.49207
Japan,JPN,1974,6.6492877
Japan,JPN,1975,7.6613207
Japan,JPN,1976,8.255052
Japan,JPN,1977,8.576309
Japan,JPN,1978,9.225517
Japan,JPN,1979,9.522368
Japan,JPN,1980,9.82
Japan,JPN,1981,10.248
Japan,JPN,1982,10.569
Japan,JPN,1983,10.795
Japan,JPN,1984,10.664
Japan,JPN,1985,10.637
Japan,JPN,1986,10.965
Japan,JPN,1987,11.025
Japan,JPN,1988,10.736
Japan,JPN,1989,10.594
Japan,JPN,1990,10.45
Japan,JPN,1991,10.579
Japan,JPN,1992,11.185
Japan,JPN,1993,11.876
Japan,JPN,1994,12.383
Japan,JPN,1995,12.745
Japan,JPN,1996,12.721
Japan,JPN,1997,13.147
Japan,JPN,1998,13.86
Japan,JPN,1999,14.726
Japan,JPN,2000,14.916
Japan,JPN,2001,15.764
Japan,JPN,2002,16.106
Japan,JPN,2003,16.285
Japan,JPN,2004,16.49
Japan,JPN,2005,16.886
Japan,JPN,2006,17.011
Japan,JPN,2007,17.431
Japan,JPN,2008,18.445
Japan,JPN,2009,20.632
Japan,JPN,2010,20.981
Japan,JPN,2011,21.826
Japan,JPN,2012,21.773
Japan,JPN,2013,21.769
Japan,JPN,2014,21.539
Japan,JPN,2015,21.914
Japan,JPN,2016,21.965
Japan,JPN,2017,22.077
Japan,JPN,2018,22.195
Japan,JPN,2019,22.765
Japan,JPN,2020,24.943
Latvia,LVA,1995,0.0
Latvia,LVA,1996,0.0
Latvia,LVA,1997,14.253
Latvia,LVA,1998,14.995
Latvia,LVA,1999,16.382
Latvia,LVA,2000,15.311
Latvia,LVA,2001,14.319
Latvia,LVA,2002,13.799
Latvia,LVA,2003,12.864
Latvia,LVA,2004,12.996
Latvia,LVA,2005,12.198
Latvia,LVA,2006,12.086
Latvia,LVA,2007,11.023
Latvia,LVA,2008,12.922
Latvia,LVA,2009,17.917
Latvia,LVA,2010,19.122
Latvia,LVA,2011,16.909
Latvia,LVA,2012,15.322
Latvia,LVA,2013,15.54
Latvia,LVA,2014,15.377
Latvia,LVA,2015,15.712
Latvia,LVA,2016,15.973
Latvia,LVA,2017,15.812
Latvia,LVA,2018,16.142
Latvia,LVA,2019,16.523
Latvia,LVA,2020,18.472
Latvia,LVA,2021,19.76
Latvia,LVA,2022,19.695
Lithuania,LTU,1996,13.114
Lithuania,LTU,1997,13.754
Lithuania,LTU,1998,14.97
Lithuania,LTU,1999,16.152
Lithuania,LTU,2000,15.402
Lithuania,LTU,2001,14.56
Lithuania,LTU,2002,14.357
Lithuania,LTU,2003,14.287
Lithuania,LTU,2004,13.234
Lithuania,LTU,2005,13.694
Lithuania,LTU,2006,13.758
Lithuania,LTU,2007,14.838
Lithuania,LTU,2008,16.573
Lithuania,LTU,2009,21.848
Lithuania,LTU,2010,19.411
Lithuania,LTU,2011,17.373
Lithuania,LTU,2012,16.309
Lithuania,LTU,2013,15.333
Lithuania,LTU,2014,15.507
Lithuania,LTU,2015,15.805
Lithuania,LTU,2016,15.573
Lithuania,LTU,2017,15.334
Lithuania,LTU,2018,16.398
Lithuania,LTU,2019,16.993
Lithuania,LTU,2020,21.076
Lithuania,LTU,2021,18.731
Lithuania,LTU,2022,19.839
Luxembourg,LUX,1980,20.098
Luxembourg,LUX,1981,21.505
Luxembourg,LUX,1982,20.826
Luxembourg,LUX,1983,20.992
Luxembourg,LUX,1984,19.774
Luxembourg,LUX,1985,19.582
Luxembourg,LUX,1986,18.953
Luxembourg,LUX,1987,19.813
Luxembourg,LUX,1988,19.402
Luxembourg,LUX,1989,18.769
Luxembourg,LUX,1990,18.974
Luxembourg,LUX,1991,19.287
Luxembourg,LUX,1992,19.64
Luxembourg,LUX,1993,19.964
Luxembourg,LUX,1994,19.778
Luxembourg,LUX,1995,20.583
Luxembourg,LUX,1996,20.561
Luxembourg,LUX,1997,20.033
Luxembourg,LUX,1998,20.213
Luxembourg,LUX,1999,19.805
Luxembourg,LUX,2000,18.774
Luxembourg,LUX,2001,20.28
Luxembourg,LUX,2002,21.481
Luxembourg,LUX,2003,22.756
Luxembourg,LUX,2004,22.821
Luxembourg,LUX,2005,22.587
Luxembourg,LUX,2006,21.111
Luxembourg,LUX,2007,19.895
Luxembourg,LUX,2008,20.813
Luxembourg,LUX,2009,22.535
Luxembourg,LUX,2010,21.727
Luxembourg,LUX,2011,20.596
Luxembourg,LUX,2012,20.726
Luxembourg,LUX,2013,20.889
Luxembourg,LUX,2014,20.815
Luxembourg,LUX,2015,20.543
Luxembourg,LUX,2016,20.251
Luxembourg,LUX,2017,20.687
Luxembourg,LUX,2018,21.02
Luxembourg,LUX,2019,21.617
Luxembourg,LUX,2020,23.92
Luxembourg,LUX,2021,21.595
Luxembourg,LUX,2022,21.872
Mexico,MEX,1985,1.948
Mexico,MEX,1986,1.785
Mexico,MEX,1987,1.725
Mexico,MEX,1988,1.921
Mexico,MEX,1989,2.462
Mexico,MEX,1990,3.139
Mexico,MEX,1991,3.523
Mexico,MEX,1992,3.85
Mexico,MEX,1993,3.786
Mexico,MEX,1994,4.105
Mexico,MEX,1995,3.68
Mexico,MEX,1996,3.367
Mexico,MEX,1997,3.396
Mexico,MEX,1998,3.809
Mexico,MEX,1999,4.286
Mexico,MEX,2000,4.391
Mexico,MEX,2001,4.992
Mexico,MEX,2002,5.346
Mexico,MEX,2003,6.02
Mexico,MEX,2004,5.954
Mexico,MEX,2005,6.145
Mexico,MEX,2006,6.26
Mexico,MEX,2007,6.255
Mexico,MEX,2008,6.704
Mexico,MEX,2009,7.262
Mexico,MEX,2010,7.342
Mexico,MEX,2011,7.21
Mexico,MEX,2012,7.228
Mexico,MEX,2013,7.565
Mexico,MEX,2014,7.552
Mexico,MEX,2015,7.658
Mexico,MEX,2016,7.487
Mexico,MEX,2017,7.407
Mexico,MEX,2018,7.105
Mexico,MEX,2019,7.355
Netherlands,NLD,1880,0.29
Netherlands,NLD,1890,0.3
Netherlands,NLD,1900,0.39
Netherlands,NLD,1910,0.39
Netherlands,NLD,1920,0.99
Netherlands,NLD,1930,1.03
Netherlands,NLD,1960,9.48142
Netherlands,NLD,1961,10.274748
Netherlands,NLD,1962,10.979871
Netherlands,NLD,1963,12.6561775
Netherlands,NLD,1964,12.764593
Netherlands,NLD,1965,13.869847
Netherlands,NLD,1966,15.021021
Netherlands,NLD,1967,16.022108
Netherlands,NLD,1968,16.598606
Netherlands,NLD,1969,17.424473
Netherlands,NLD,1970,18.191757
Netherlands,NLD,1971,18.937664
Netherlands,NLD,1972,19.710352
Netherlands,NLD,1973,20.2884
Netherlands,NLD,1974,21.640015
Netherlands,NLD,1975,23.951485
Netherlands,NLD,1976,23.990498
Netherlands,NLD,1977,20.700474
Netherlands,NLD,1978,21.55937
Netherlands,NLD,1979,22.265646
Netherlands,NLD,1980,22.964
Netherlands,NLD,1981,23.594
Netherlands,NLD,1982,25.04
Netherlands,NLD,1983,25.39
Netherlands,NLD,1984,24.059
Netherlands,NLD,1985,23.476
Netherlands,NLD,1986,22.91
Netherlands,NLD,1987,22.867
Netherlands,NLD,1988,22.547
Netherlands,NLD,1989,22.224
Netherlands,NLD,1990,23.683
Netherlands,NLD,1991,23.634
Netherlands,NLD,1992,24.065
Netherlands,NLD,1993,24.172
Netherlands,NLD,1994,22.898
Netherlands,NLD,1995,22.082
Netherlands,NLD,1996,21.001
Netherlands,NLD,1997,20.319
Netherlands,NLD,1998,20.271
Netherlands,NLD,1999,19.576
Netherlands,NLD,2000,18.98
Netherlands,NLD,2001,19.08
Netherlands,NLD,2002,19.863
Netherlands,NLD,2003,20.54
Netherlands,NLD,2004,20.386
Netherlands,NLD,2005,19.913
Netherlands,NLD,2006,16.428
Netherlands,NLD,2007,15.737
Netherlands,NLD,2008,15.474
Netherlands,NLD,2009,17.072
Netherlands,NLD,2010,17.463
Netherlands,NLD,2011,17.537
Netherlands,NLD,2012,17.923
Netherlands,NLD,2013,18.132
Netherlands,NLD,2014,17.929
Netherlands,NLD,2015,17.596
Netherlands,NLD,2016,17.468
Netherlands,NLD,2017,16.649
Netherlands,NLD,2018,16.318
Netherlands,NLD,2019,16.321
Netherlands,NLD,2020,18.921
Netherlands,NLD,2021,18.671
Netherlands,NLD,2022,17.565
New Zealand,NZL,1880,0.17
New Zealand,NZL,1890,0.39
New Zealand,NZL,1900,1.09
New Zealand,NZL,1910,1.35
New Zealand,NZL,1920,1.84
New Zealand,NZL,1930,2.43
New Zealand,NZL,1960,11.149809
New Zealand,NZL,1961,11.059325
New Zealand,NZL,1962,11.312077
New Zealand,NZL,1963,10.759138
New Zealand,NZL,1964,10.527614
New Zealand,NZL,1965,10.316295
New Zealand,NZL,1966,10.519802
New Zealand,NZL,1967,10.861687
New Zealand,NZL,1968,10.6076765
New Zealand,NZL,1969,10.263539
New Zealand,NZL,1970,9.916814
New Zealand,NZL,1971,9.741967
New Zealand,NZL,1972,10.792769
New Zealand,NZL,1973,11.309372
New Zealand,NZL,1974,11.899358
New Zealand,NZL,1975,12.674137
New Zealand,NZL,1976,13.05347
New Zealand,NZL,1977,15.399199
New Zealand,NZL,1978,15.980966
New Zealand,NZL,1979,15.826145
New Zealand,NZL,1980,16.366
New Zealand,NZL,1981,16.513
New Zealand,NZL,1982,16.983
New Zealand,NZL,1983,16.686
New Zealand,NZL,1984,15.987
New Zealand,NZL,1985,16.348
New Zealand,NZL,1986,16.574
New Zealand,NZL,1987,17.606
New Zealand,NZL,1988,18.751
New Zealand,NZL,1989,20.284
New Zealand,NZL,1990,20.153
New Zealand,NZL,1991,20.569
New Zealand,NZL,1992,20.25
New Zealand,NZL,1993,18.8
New Zealand,NZL,1994,18.14
New Zealand,NZL,1995,17.617
New Zealand,NZL,1996,17.562
New Zealand,NZL,1997,18.577
New Zealand,NZL,1998,19.11
New Zealand,NZL,1999,18.459
New Zealand,NZL,2000,18.259
New Zealand,NZL,2001,17.629
New Zealand,NZL,2002,18.208
New Zealand,NZL,2003,17.574
New Zealand,NZL,2004,16.702
New Zealand,NZL,2005,19.927
New Zealand,NZL,2006,20.039
New Zealand,NZL,2007,20.671
New Zealand,NZL,2008,22.629
New Zealand,NZL,2009,23.561
New Zealand,NZL,2010,23.429
New Zealand,NZL,2011,22.933
New Zealand,NZL,2012,22.79
New Zealand,NZL,2013,21.26
New Zealand,NZL,2014,21.129
New Zealand,NZL,2015,20.04
New Zealand,NZL,2016,19.65
New Zealand,NZL,2017,18.652
New Zealand,NZL,2018,19.455
New Zealand,NZL,2019,23.642
New Zealand,NZL,2020,21.978
New Zealand,NZL,2021,20.825
Norway,NOR,1880,1.07
Norway,NOR,1890,0.95
Norway,NOR,1900,1.24
Norway,NOR,1910,1.18
Norway,NOR,1920,1.09
Norway,NOR,1930,2.39
Norway,NOR,1960,6.0308456
Norway,NOR,1961,6.224853
Norway,NOR,1962,6.779612
Norway,NOR,1963,7.106426
Norway,NOR,1964,7.3301353
Norway,NOR,1965,7.7978187
Norway,NOR,1966,8.597698
Norway,NOR,1967,9.164309
Norway,NOR,1968,9.670078
Norway,NOR,1969,10.3219
Norway,NOR,1970,12.388331
Norway,NOR,1971,13.365773
Norway,NOR,1972,14.333635
Norway,NOR,1973,14.651313
Norway,NOR,1974,14.323746
Norway,NOR,1975,14.974225
Norway,NOR,1976,15.539198
Norway,NOR,1977,15.916625
Norway,NOR,1978,16.711977
Norway,NOR,1979,16.927437
Norway,NOR,1980,16.121
Norway,NOR,1981,16.066881
Norway,NOR,1985,17.198
Norway,NOR,1988,19.971
Norway,NOR,1989,20.866
Norway,NOR,1990,21.55
Norway,NOR,1991,22.458
Norway,NOR,1992,23.346
Norway,NOR,1993,23.261
Norway,NOR,1994,23.081
Norway,NOR,1995,22.474
Norway,NOR,1996,21.681
Norway,NOR,1997,21.183
Norway,NOR,1998,22.634
Norway,NOR,1999,22.552
Norway,NOR,2000,20.411
Norway,NOR,2001,21.234
Norway,NOR,2002,22.71
Norway,NOR,2003,23.644
Norway,NOR,2004,22.283
Norway,NOR,2005,20.737
Norway,NOR,2006,19.479
Norway,NOR,2007,19.603
Norway,NOR,2008,19.28
Norway,NOR,2009,22.519
Norway,NOR,2010,22.119
Norway,NOR,2011,21.578
Norway,NOR,2012,21.469
Norway,NOR,2013,21.918
Norway,NOR,2014,22.839
Norway,NOR,2015,24.681
Norway,NOR,2016,25.934
Norway,NOR,2017,25.129
Norway,NOR,2018,24.21
Norway,NOR,2019,25.278
Norway,NOR,2020,28.159
Norway,NOR,2021,24.362
Norway,NOR,2022,20.676
OECD countries,,1980,14.36
OECD countries,,1981,14.664
OECD countries,,1982,15.119
OECD countries,,1983,15.388
OECD countries,,1984,15.158
OECD countries,,1985,15.887
OECD countries,,1986,15.723
OECD countries,,1987,15.863
OECD countries,,1988,15.773
OECD countries,,1989,15.657
OECD countries,,1990,16.364
OECD countries,,1991,17.175
OECD countries,,1992,17.975
OECD countries,,1993,18.473
OECD countries,,1994,18.269
OECD countries,,1995,17.993
OECD countries,,1996,17.98
OECD countries,,1997,17.646
OECD countries,,1998,17.705
OECD countries,,1999,17.624
OECD countries,,2000,17.333
OECD countries,,2001,17.54
OECD countries,,2002,17.985
OECD countries,,2003,18.31
OECD countries,,2004,18.109
OECD countries,,2005,18.114
OECD countries,,2006,17.757
OECD countries,,2007,17.662
OECD countries,,2008,18.409
OECD countries,,2009,20.593
OECD countries,,2010,20.405
OECD countries,,2011,20.052
OECD countries,,2012,20.146
OECD countries,,2013,20.212
OECD countries,,2014,20.165
OECD countries,,2015,20.073
OECD countries,,2016,20.053
OECD countries,,2017,19.771
OECD countries,,2018,19.682
OECD countries,,2019,20.101
OECD countries,,2020,22.961
OECD countries,,2021,21.978
OECD countries,,2022,21.094
Poland,POL,1990,14.194
Poland,POL,1991,20.485
Poland,POL,1992,24.042
Poland,POL,1993,23.536
Poland,POL,1994,22.462
Poland,POL,1995,21.808
Poland,POL,1996,21.988
Poland,POL,1997,21.48
Poland,POL,1998,20.777
Poland,POL,1999,21.114
Poland,POL,2000,20.182
Poland,POL,2001,21.71
Poland,POL,2002,21.815
Poland,POL,2003,21.965
Poland,POL,2004,21.251
Poland,POL,2005,20.898
Poland,POL,2006,20.636
Poland,POL,2007,19.529
Poland,POL,2008,20.222
Poland,POL,2009,21.311
Poland,POL,2010,20.727
Poland,POL,2011,19.578
Poland,POL,2012,19.856
Poland,POL,2013,20.606
Poland,POL,2014,20.288
Poland,POL,2015,20.219
Poland,POL,2016,21.185
Poland,POL,2017,20.786
Poland,POL,2018,20.509
Poland,POL,2019,21.186
Poland,POL,2020,23.226
Poland,POL,2021,22.568
Poland,POL,2022,22.706
Portugal,PRT,1980,9.515
Portugal,PRT,1981,10.157
Portugal,PRT,1982,9.614
Portugal,PRT,1983,9.728
Portugal,PRT,1984,9.664
Portugal,PRT,1985,9.83
Portugal,PRT,1986,10.424
Portugal,PRT,1987,10.695
Portugal,PRT,1988,10.852
Portugal,PRT,1989,10.495
Portugal,PRT,1990,12.225
Portugal,PRT,1991,13.104
Portugal,PRT,1992,13.758
Portugal,PRT,1993,15.12
Portugal,PRT,1994,15.238
Portugal,PRT,1995,16.019
Portugal,PRT,1996,16.597
Portugal,PRT,1997,16.443
Portugal,PRT,1998,16.836
Portugal,PRT,1999,17.243
Portugal,PRT,2000,18.576
Portugal,PRT,2001,19.061
Portugal,PRT,2002,20.408
Portugal,PRT,2003,21.461
Portugal,PRT,2004,21.798
Portugal,PRT,2005,22.424
Portugal,PRT,2006,21.643
Portugal,PRT,2007,21.307
Portugal,PRT,2008,21.768
Portugal,PRT,2009,24.11
Portugal,PRT,2010,24.336
Portugal,PRT,2011,24.229
Portugal,PRT,2012,24.332
Portugal,PRT,2013,25.413
Portugal,PRT,2014,24.977
Portugal,PRT,2015,23.922
Portugal,PRT,2016,23.459
Portugal,PRT,2017,22.728
Portugal,PRT,2018,22.457
Portugal,PRT,2019,22.341
Portugal,PRT,2020,25.113
Portugal,PRT,2021,24.798
Portugal,PRT,2022,24.639
Slovakia,SVK,1995,18.327
Slovakia,SVK,1996,17.938
Slovakia,SVK,1997,17.582
Slovakia,SVK,1998,17.706
Slovakia,SVK,1999,18.184
Slovakia,SVK,2000,17.517
Slovakia,SVK,2001,17.231
Slovakia,SVK,2002,17.389
Slovakia,SVK,2003,16.619
Slovakia,SVK,2004,15.899
Slovakia,SVK,2005,15.377
Slovakia,SVK,2006,15.06
Slovakia,SVK,2007,14.858
Slovakia,SVK,2008,14.935
Slovakia,SVK,2009,17.77
Slovakia,SVK,2010,17.372
Slovakia,SVK,2011,17.126
Slovakia,SVK,2012,17.325
Slovakia,SVK,2013,17.66
Slovakia,SVK,2014,17.746
Slovakia,SVK,2015,17.249
Slovakia,SVK,2016,17.625
Slovakia,SVK,2017,17.518
Slovakia,SVK,2018,17.177
Slovakia,SVK,2019,17.452
Slovakia,SVK,2020,19.769
Slovakia,SVK,2021,19.631
Slovakia,SVK,2022,19.057
Slovenia,SVN,1995,5.681
Slovenia,SVN,1996,21.925
Slovenia,SVN,1997,22.267
Slovenia,SVN,1998,22.342
Slovenia,SVN,1999,22.316
Slovenia,SVN,2000,22.095
Slovenia,SVN,2001,21.95
Slovenia,SVN,2002,22.32
Slovenia,SVN,2003,21.935
Slovenia,SVN,2004,21.551
Slovenia,SVN,2005,21.524
Slovenia,SVN,2006,21.126
Slovenia,SVN,2007,19.763
Slovenia,SVN,2008,19.88
Slovenia,SVN,2009,22.428
Slovenia,SVN,2010,23.355
Slovenia,SVN,2011,23.441
Slovenia,SVN,2012,23.473
Slovenia,SVN,2013,23.802
Slovenia,SVN,2014,23.089
Slovenia,SVN,2015,22.65
Slovenia,SVN,2016,22.246
Slovenia,SVN,2017,21.485
Slovenia,SVN,2018,21.325
Slovenia,SVN,2019,21.472
Slovenia,SVN,2020,24.467
Slovenia,SVN,2021,23.657
Slovenia,SVN,2022,22.839
South Korea,KOR,1990,2.643
South Korea,KOR,1991,2.546
South Korea,KOR,1992,2.766
South Korea,KOR,1993,2.839
South Korea,KOR,1994,2.834
South Korea,KOR,1995,3.013
South Korea,KOR,1996,3.162
South Korea,KOR,1997,3.402
South Korea,KOR,1998,4.717
South Korea,KOR,1999,5.622
South Korea,KOR,2000,4.412
South Korea,KOR,2001,4.788
South Korea,KOR,2002,4.654
South Korea,KOR,2003,4.945
South Korea,KOR,2004,5.536
South Korea,KOR,2005,5.88
South Korea,KOR,2006,6.699
South Korea,KOR,2007,6.782
South Korea,KOR,2008,7.264
South Korea,KOR,2009,8.069
South Korea,KOR,2010,7.86
South Korea,KOR,2011,7.814
South Korea,KOR,2012,8.329
South Korea,KOR,2013,8.825
South Korea,KOR,2014,9.19
South Korea,KOR,2015,9.636
South Korea,KOR,2016,9.87
South Korea,KOR,2017,10.107
South Korea,KOR,2018,10.895
South Korea,KOR,2019,12.259
South Korea,KOR,2020,14.393
South Korea,KOR,2021,14.922
South Korea,KOR,2022,14.843
Spain,ESP,1980,14.942
Spain,ESP,1981,16.042
Spain,ESP,1982,16.054
Spain,ESP,1983,16.782
Spain,ESP,1984,16.56
Spain,ESP,1985,17.086
Spain,ESP,1986,16.836
Spain,ESP,1987,16.718
Spain,ESP,1988,17.199
Spain,ESP,1989,17.313
Spain,ESP,1990,19.144
Spain,ESP,1991,19.876
Spain,ESP,1992,21.011
Spain,ESP,1993,22.256
Spain,ESP,1994,21.265
Spain,ESP,1995,20.631
Spain,ESP,1996,20.533
Spain,ESP,1997,19.964
Spain,ESP,1998,19.863
Spain,ESP,1999,19.737
Spain,ESP,2000,19.464
Spain,ESP,2001,19.091
Spain,ESP,2002,19.35
Spain,ESP,2003,19.989
Spain,ESP,2004,20.213
Spain,ESP,2005,20.475
Spain,ESP,2006,20.516
Spain,ESP,2007,20.897
Spain,ESP,2008,22.326
Spain,ESP,2009,25.613
Spain,ESP,2010,24.902
Spain,ESP,2011,25.541
Spain,ESP,2012,25.55
Spain,ESP,2013,25.705
Spain,ESP,2014,25.373
Spain,ESP,2015,24.707
Spain,ESP,2016,24.245
Spain,ESP,2017,23.927
Spain,ESP,2018,24.034
Spain,ESP,2019,24.647
Spain,ESP,2020,31.184
Spain,ESP,2021,29.538
Spain,ESP,2022,28.086
Sweden,SWE,1880,0.72
Sweden,SWE,1890,0.85
Sweden,SWE,1900,0.85
Sweden,SWE,1910,1.03
Sweden,SWE,1920,1.14
Sweden,SWE,1930,2.59
Sweden,SWE,1960,10.224313
Sweden,SWE,1961,10.171698
Sweden,SWE,1962,10.491171
Sweden,SWE,1963,11.7051935
Sweden,SWE,1964,11.80476
Sweden,SWE,1965,12.444718
Sweden,SWE,1966,13.26691
Sweden,SWE,1967,14.3737335
Sweden,SWE,1968,15.423788
Sweden,SWE,1969,15.587025
Sweden,SWE,1970,15.826911
Sweden,SWE,1971,17.34218
Sweden,SWE,1972,17.35731
Sweden,SWE,1973,17.379168
Sweden,SWE,1974,19.88066
Sweden,SWE,1975,19.979963
Sweden,SWE,1976,20.905005
Sweden,SWE,1977,23.129807
Sweden,SWE,1978,23.793518
Sweden,SWE,1979,23.74045
Sweden,SWE,1980,24.494
Sweden,SWE,1981,25.192
Sweden,SWE,1982,25.126
Sweden,SWE,1983,25.422
Sweden,SWE,1984,24.652
Sweden,SWE,1985,26.587
Sweden,SWE,1986,26.709
Sweden,SWE,1987,26.929
Sweden,SWE,1988,27.376
Sweden,SWE,1989,26.804
Sweden,SWE,1990,26.853
Sweden,SWE,1991,28.66
Sweden,SWE,1992,32.205
Sweden,SWE,1993,33.696
Sweden,SWE,1994,32.517
Sweden,SWE,1995,30.189
Sweden,SWE,1996,29.717
Sweden,SWE,1997,28.472
Sweden,SWE,1998,28.172
Sweden,SWE,1999,27.65
Sweden,SWE,2000,26.427
Sweden,SWE,2001,26.547
Sweden,SWE,2002,27.209
Sweden,SWE,2003,27.922
Sweden,SWE,2004,27.426
Sweden,SWE,2005,27.103
Sweden,SWE,2006,26.408
Sweden,SWE,2007,25.328
Sweden,SWE,2008,25.366
Sweden,SWE,2009,27.21
Sweden,SWE,2010,25.849
Sweden,SWE,2011,25.276
Sweden,SWE,2012,26.276
Sweden,SWE,2013,26.948
Sweden,SWE,2014,26.587
Sweden,SWE,2015,26.107
Sweden,SWE,2016,26.527
Sweden,SWE,2017,25.859
Sweden,SWE,2018,25.633
Sweden,SWE,2019,25.072
Sweden,SWE,2020,25.855
Sweden,SWE,2021,24.9
Sweden,SWE,2022,23.671
Switzerland,CHE,1930,1.17
Switzerland,CHE,1980,12.358
Switzerland,CHE,1981,12.085
Switzerland,CHE,1982,12.779
Switzerland,CHE,1983,13.136
Switzerland,CHE,1984,13.277
Switzerland,CHE,1985,12.96
Switzerland,CHE,1986,13.073
Switzerland,CHE,1987,13.185
Switzerland,CHE,1988,13.23
Switzerland,CHE,1989,12.946
Switzerland,CHE,1990,12.599
Switzerland,CHE,1991,13.402
Switzerland,CHE,1992,14.793
Switzerland,CHE,1993,16.109
Switzerland,CHE,1994,16.059
Switzerland,CHE,1995,14.383
Switzerland,CHE,1996,14.642
Switzerland,CHE,1997,15.091
Switzerland,CHE,1998,15.068
Switzerland,CHE,1999,14.876
Switzerland,CHE,2000,14.078
Switzerland,CHE,2001,14.353
Switzerland,CHE,2002,15.345
Switzerland,CHE,2003,15.949
Switzerland,CHE,2004,15.84
Switzerland,CHE,2005,15.679
Switzerland,CHE,2006,14.941
Switzerland,CHE,2007,14.368
Switzerland,CHE,2008,14.049
Switzerland,CHE,2009,15.557
Switzerland,CHE,2010,15.204
Switzerland,CHE,2011,15.162
Switzerland,CHE,2012,15.378
Switzerland,CHE,2013,15.67
Switzerland,CHE,2014,15.579
Switzerland,CHE,2015,16.08
Switzerland,CHE,2016,16.237
Switzerland,CHE,2017,16.435
Switzerland,CHE,2018,15.969
Switzerland,CHE,2019,16.145
Switzerland,CHE,2020,19.315
Switzerland,CHE,2021,18.03
Switzerland,CHE,2022,17.038
Turkey,TUR,1980,2.245
Turkey,TUR,1981,1.647
Turkey,TUR,1982,1.784
Turkey,TUR,1983,1.844
Turkey,TUR,1984,2.219
Turkey,TUR,1985,1.949
Turkey,TUR,1986,2.094
Turkey,TUR,1987,2.186
Turkey,TUR,1988,2.553
Turkey,TUR,1989,3.084
Turkey,TUR,1990,3.792
Turkey,TUR,1991,4.054
Turkey,TUR,1992,4.163
Turkey,TUR,1993,3.97
Turkey,TUR,1994,3.638
Turkey,TUR,1995,3.363
Turkey,TUR,1996,4.574
Turkey,TUR,1997,4.83
Turkey,TUR,1998,5.002
Turkey,TUR,1999,5.695
Turkey,TUR,2000,7.513
Turkey,TUR,2001,8.167
Turkey,TUR,2002,8.734
Turkey,TUR,2003,9.674
Turkey,TUR,2004,9.953
Turkey,TUR,2005,9.921
Turkey,TUR,2006,10.206
Turkey,TUR,2007,10.77
Turkey,TUR,2008,10.978
Turkey,TUR,2009,12.883
Turkey,TUR,2010,12.212
Turkey,TUR,2011,11.73
Turkey,TUR,2012,11.879
Turkey,TUR,2013,11.684
Turkey,TUR,2014,11.61
Turkey,TUR,2015,11.488
Turkey,TUR,2016,12.534
Turkey,TUR,2017,11.999
Turkey,TUR,2018,11.767
Turkey,TUR,2019,12.429
United Kingdom,GBR,1880,0.86
United Kingdom,GBR,1890,0.83
United Kingdom,GBR,1900,1.0
United Kingdom,GBR,1910,1.38
United Kingdom,GBR,1920,1.39
United Kingdom,GBR,1930,2.24
United Kingdom,GBR,1960,9.695268
United Kingdom,GBR,1961,9.937714
United Kingdom,GBR,1962,10.126616
United Kingdom,GBR,1963,10.619389
United Kingdom,GBR,1964,10.441891
United Kingdom,GBR,1965,11.067408
United Kingdom,GBR,1966,11.281802
United Kingdom,GBR,1967,11.917085
United Kingdom,GBR,1968,12.380001
United Kingdom,GBR,1969,12.374165
United Kingdom,GBR,1970,12.529809
United Kingdom,GBR,1971,12.405704
United Kingdom,GBR,1972,13.178441
United Kingdom,GBR,1973,12.79034
United Kingdom,GBR,1974,14.160776
United Kingdom,GBR,1975,14.835801
United Kingdom,GBR,1976,15.372347
United Kingdom,GBR,1977,15.317716
United Kingdom,GBR,1978,15.626504
United Kingdom,GBR,1979,15.545771
United Kingdom,GBR,1980,15.587
United Kingdom,GBR,1981,16.879
United Kingdom,GBR,1982,17.324
United Kingdom,GBR,1983,18.123
United Kingdom,GBR,1984,18.056
United Kingdom,GBR,1985,18.181
United Kingdom,GBR,1986,18.193
United Kingdom,GBR,1987,17.389
United Kingdom,GBR,1988,16.133
United Kingdom,GBR,1989,15.458
United Kingdom,GBR,1990,14.903
United Kingdom,GBR,1991,16.385
United Kingdom,GBR,1992,17.821
United Kingdom,GBR,1993,18.423
United Kingdom,GBR,1994,17.719
United Kingdom,GBR,1995,16.575
United Kingdom,GBR,1996,16.393
United Kingdom,GBR,1997,16.528
United Kingdom,GBR,1998,16.925
United Kingdom,GBR,1999,16.735
United Kingdom,GBR,2000,16.807
United Kingdom,GBR,2001,17.606
United Kingdom,GBR,2002,17.864
United Kingdom,GBR,2003,18.619
United Kingdom,GBR,2004,19.188
United Kingdom,GBR,2005,19.141
United Kingdom,GBR,2006,19.063
United Kingdom,GBR,2007,19.571
United Kingdom,GBR,2008,20.828
United Kingdom,GBR,2009,22.924
United Kingdom,GBR,2010,23.069
United Kingdom,GBR,2011,22.851
United Kingdom,GBR,2012,22.951
United Kingdom,GBR,2013,22.224
United Kingdom,GBR,2014,21.685
United Kingdom,GBR,2015,21.279
United Kingdom,GBR,2016,20.616
United Kingdom,GBR,2017,20.212
United Kingdom,GBR,2018,19.724
United Kingdom,GBR,2019,19.513
United Kingdom,GBR,2020,22.488
United Kingdom,GBR,2021,22.1
United States,USA,1880,0.29
United States,USA,1890,0.45
United States,USA,1900,0.55
United States,USA,1910,0.56
United States,USA,1920,0.7
United States,USA,1930,0.56
United States,USA,1960,6.2148666
United States,USA,1961,6.785977
United States,USA,1962,6.833349
United States,USA,1963,6.8057847
United States,USA,1964,6.717871
United States,USA,1965,6.7227244
United States,USA,1966,6.835506
United States,USA,1967,7.513561
United States,USA,1968,7.8853393
United States,USA,1969,7.979135
United States,USA,1970,8.879691
United States,USA,1971,9.5997715
United States,USA,1972,9.746132
United States,USA,1973,9.940621
United States,USA,1974,10.912134
United States,USA,1975,12.406018
United States,USA,1976,12.254199
United States,USA,1977,12.023055
United States,USA,1978,11.657559
United States,USA,1979,11.810509
United States,USA,1980,12.86
United States,USA,1981,13.2
United States,USA,1982,13.619
United States,USA,1983,13.783
United States,USA,1984,12.894
United States,USA,1985,12.587
United States,USA,1986,12.924
United States,USA,1987,12.883
United States,USA,1988,12.845
United States,USA,1989,12.833
United States,USA,1990,13.197
United States,USA,1991,14.166
United States,USA,1992,14.847
United States,USA,1993,15.114
United States,USA,1994,15.06
United States,USA,1995,14.94
United States,USA,1996,15.215
United States,USA,1997,14.333
United States,USA,1998,14.395
United States,USA,1999,14.119
United States,USA,2000,14.123
United States,USA,2001,14.698
United States,USA,2002,15.536
United States,USA,2003,15.801
United States,USA,2004,15.663
United States,USA,2005,15.492
United States,USA,2006,15.541
United States,USA,2007,15.673
United States,USA,2008,16.245
United States,USA,2009,18.309
United States,USA,2010,19.033
United States,USA,2011,18.726
United States,USA,2012,18.46
United States,USA,2013,18.428
United States,USA,2014,18.439
United States,USA,2015,18.537
United States,USA,2016,18.658
United States,USA,2017,18.474
United States,USA,2018,18.235
United States,USA,2019,18.262
United States,USA,2020,23.942
United States,USA,2021,22.7
